wave,spec,std
350,0.056378492,0.017361835
351,0.056530301,0.017371261
352,0.056679864,0.017325901
353,0.056877701,0.017568809
354,0.057010882,0.017700938
355,0.057093395,0.017729306
356,0.057248433,0.017753341
357,0.057307792,0.017889371
358,0.057364084,0.018016746
359,0.057556685,0.017945944
360,0.057878198,0.01803146
361,0.058182038,0.018168777
362,0.058421898,0.018333215
363,0.058376389,0.018417861
364,0.058488381,0.018521805
365,0.058738734,0.018628293
366,0.058987009,0.018622341
367,0.059103487,0.018708002
368,0.059227118,0.018827222
369,0.059541207,0.01892664
370,0.059625221,0.019021717
371,0.059711871,0.01909897
372,0.059872782,0.019153815
373,0.060141228,0.019233708
374,0.06046677,0.019382625
375,0.060816568,0.019577633
376,0.060993445,0.019670792
377,0.061170312,0.019762368
378,0.061377478,0.019860189
379,0.061664773,0.019975551
380,0.061902099,0.0200749
381,0.062136811,0.020181126
382,0.062379556,0.020299845
383,0.062727263,0.020409619
384,0.063003862,0.020524598
385,0.063250165,0.020655282
386,0.063639399,0.020852413
387,0.063982476,0.021009165
388,0.064248697,0.021130887
389,0.064366991,0.021204841
390,0.064635853,0.021407294
391,0.064920957,0.021542187
392,0.065205019,0.021575016
393,0.065381677,0.021698213
394,0.065641207,0.021816662
395,0.065939106,0.021931159
396,0.066172162,0.022051787
397,0.066436435,0.022206552
398,0.066697799,0.022358126
399,0.066927561,0.022476123
400,0.06711314,0.022549062
401,0.067308882,0.022614399
402,0.067525682,0.022680666
403,0.067707246,0.022778794
404,0.067849557,0.022867074
405,0.067992645,0.022950992
406,0.068251621,0.023045003
407,0.068481368,0.023155513
408,0.068698932,0.023242838
409,0.06891437,0.023273231
410,0.069137256,0.023402508
411,0.069374296,0.023516989
412,0.069622849,0.023602602
413,0.069820103,0.023695117
414,0.070024208,0.023785495
415,0.070233415,0.023873937
416,0.07045187,0.023961809
417,0.070659799,0.02405843
418,0.070876082,0.024157082
419,0.071120181,0.024257016
420,0.071370336,0.02436153
421,0.071614372,0.024463398
422,0.071853466,0.024562931
423,0.072108164,0.024668704
424,0.072359631,0.024772585
425,0.072607884,0.024878851
426,0.072859339,0.025002193
427,0.073127959,0.025127397
428,0.073405111,0.025251814
429,0.073686755,0.025372623
430,0.073962446,0.025486588
431,0.074265384,0.025610451
432,0.074592117,0.025745162
433,0.074891632,0.025893623
434,0.07519947,0.026025404
435,0.075504989,0.026146746
436,0.075800553,0.026268059
437,0.076086282,0.026388396
438,0.076366974,0.026511863
439,0.076648568,0.026643186
440,0.076953039,0.026773149
441,0.077247368,0.026899359
442,0.077533739,0.027022562
443,0.077807357,0.027132375
444,0.078072889,0.027238557
445,0.078327609,0.027338285
446,0.07857363,0.027428195
447,0.078810132,0.027527024
448,0.079050931,0.027627153
449,0.079303665,0.02772683
450,0.079511656,0.027806265
451,0.079716394,0.027887413
452,0.079919932,0.027968793
453,0.080128472,0.028034711
454,0.080315258,0.028101494
455,0.080494591,0.028169144
456,0.080681866,0.028238182
457,0.080852789,0.028298979
458,0.08102001,0.028356372
459,0.08118659,0.02841126
460,0.081343645,0.02845937
461,0.081495221,0.028513303
462,0.081643734,0.028571871
463,0.081792052,0.028625218
464,0.081924009,0.028677997
465,0.08205742,0.028729058
466,0.082216013,0.028776608
467,0.082340929,0.028813455
468,0.082466275,0.028853294
469,0.082600586,0.028900099
470,0.082733882,0.028928313
471,0.08286853,0.028967598
472,0.083005044,0.029015909
473,0.083150845,0.029066724
474,0.08330338,0.029111035
475,0.083455889,0.029156452
476,0.083604046,0.029212112
477,0.083753448,0.02926797
478,0.083909092,0.029325879
479,0.084072391,0.029386344
480,0.084234477,0.029447755
481,0.084411326,0.029511145
482,0.084597462,0.02957546
483,0.08477651,0.029636853
484,0.084972431,0.029701546
485,0.085175886,0.029772096
486,0.085379724,0.029852792
487,0.085589476,0.029927748
488,0.085800017,0.030006527
489,0.086006734,0.030089908
490,0.086213723,0.030178866
491,0.086419664,0.030255967
492,0.086628659,0.030327124
493,0.086861931,0.030407775
494,0.087096922,0.030493128
495,0.087329799,0.030577736
496,0.087555662,0.030656924
497,0.087801181,0.030748034
498,0.088045089,0.03083731
499,0.088288104,0.030923615
500,0.088557341,0.031007676
501,0.088813919,0.031106061
502,0.08906496,0.031208525
503,0.089329072,0.031290297
504,0.089584718,0.031384791
505,0.089841787,0.031479743
506,0.090109758,0.03156887
507,0.090378386,0.031655088
508,0.090646406,0.03174594
509,0.0909152,0.031841776
510,0.091182226,0.031924112
511,0.091442173,0.032015123
512,0.091699823,0.032107835
513,0.091969202,0.032189144
514,0.092242614,0.032277507
515,0.092520653,0.03236589
516,0.092803383,0.032449877
517,0.09308222,0.032533275
518,0.0933588,0.032623624
519,0.093632677,0.032718639
520,0.093909654,0.03278719
521,0.09418288,0.032872592
522,0.094453107,0.03296153
523,0.094738679,0.033039307
524,0.095017398,0.033114988
525,0.095295938,0.033195889
526,0.095576357,0.033286106
527,0.095844767,0.033363031
528,0.096116983,0.033439421
529,0.096390499,0.033516169
530,0.0966618,0.033601396
531,0.096936069,0.033682876
532,0.097211606,0.033762555
533,0.097488637,0.033842863
534,0.097758145,0.033925636
535,0.098025259,0.034009117
536,0.098288458,0.034091797
537,0.098559558,0.034168908
538,0.098836388,0.034249224
539,0.0991172,0.034333843
540,0.099375442,0.034425594
541,0.099641668,0.034505904
542,0.099908192,0.03458237
543,0.100163893,0.034662935
544,0.100424331,0.034743809
545,0.100685731,0.034820705
546,0.100949607,0.034892415
547,0.1012096,0.034973556
548,0.101471363,0.035048436
549,0.101732919,0.035118732
550,0.101981961,0.035194172
551,0.102235722,0.035268817
552,0.10248621,0.035341128
553,0.102724936,0.035408732
554,0.102964638,0.035482467
555,0.10320994,0.035552925
556,0.103463581,0.035617565
557,0.103694724,0.0356881
558,0.103935627,0.035759134
559,0.104181283,0.035830351
560,0.104406106,0.035900153
561,0.104630234,0.035965294
562,0.104855765,0.036029691
563,0.105089355,0.036097964
564,0.10530705,0.036165529
565,0.105519476,0.036229297
566,0.10572924,0.03628851
567,0.105937951,0.03635143
568,0.106145745,0.036414347
569,0.106352388,0.036476238
570,0.106554617,0.036531891
571,0.106756549,0.036592792
572,0.106951762,0.036654137
573,0.107131058,0.036711708
574,0.107309943,0.036760818
575,0.107491103,0.036811566
576,0.107676483,0.036866104
577,0.107849002,0.03691472
578,0.108012509,0.036956766
579,0.108168486,0.036996912
580,0.108316299,0.037049229
581,0.108478828,0.037091209
582,0.108639641,0.037129779
583,0.108786348,0.037169017
584,0.108942359,0.037210319
585,0.109100096,0.037245646
586,0.109258813,0.037274004
587,0.109398249,0.037305889
588,0.109552291,0.03733542
589,0.109709423,0.037362591
590,0.109822622,0.037383914
591,0.109963634,0.03741025
592,0.110105866,0.037433859
593,0.110235296,0.037449334
594,0.110359678,0.037462645
595,0.110487089,0.037481617
596,0.110617867,0.037506709
597,0.110750502,0.037525237
598,0.110886412,0.037543067
599,0.111023227,0.037562158
600,0.111153842,0.037587467
601,0.111294745,0.037606263
602,0.111443085,0.03762294
603,0.111598297,0.03763884
604,0.111700913,0.037655458
605,0.111799994,0.037670933
606,0.111899976,0.037685519
607,0.111998919,0.037703426
608,0.112085758,0.037724451
609,0.112168375,0.037746869
610,0.112259555,0.037768322
611,0.112346626,0.03779231
612,0.112437103,0.037817274
613,0.112535613,0.037842877
614,0.112627867,0.037862782
615,0.112713722,0.037879447
616,0.11279668,0.037893978
617,0.112904727,0.037913473
618,0.112999505,0.037928757
619,0.113089595,0.037940394
620,0.113189042,0.037947644
621,0.113279282,0.03794889
622,0.113364822,0.037953407
623,0.113446803,0.037965207
624,0.113537443,0.037964275
625,0.113626491,0.037965291
626,0.113711191,0.0379687
627,0.113776267,0.037973687
628,0.113856671,0.037974792
629,0.113944546,0.03797715
630,0.114032389,0.037988786
631,0.114125998,0.03799252
632,0.114217652,0.037995722
633,0.114304783,0.038000539
634,0.114391303,0.038016078
635,0.11447449,0.038024156
636,0.114556571,0.038027082
637,0.114650627,0.03803802
638,0.114741915,0.038051008
639,0.114827496,0.038063428
640,0.114900067,0.038071768
641,0.11498157,0.038085463
642,0.115061926,0.038098814
643,0.115138231,0.038110257
644,0.115221466,0.038121882
645,0.115307599,0.038133203
646,0.115392602,0.038143755
647,0.115453846,0.03815049
648,0.115540518,0.038159998
649,0.115634138,0.038172012
650,0.115718675,0.038187255
651,0.115801817,0.038202341
652,0.115891972,0.038216738
653,0.115992769,0.03823036
654,0.116067457,0.038233825
655,0.116146228,0.038244578
656,0.116230144,0.038259725
657,0.116322518,0.038268067
658,0.116412347,0.038285536
659,0.116499574,0.038302292
660,0.116587941,0.038311177
661,0.116675301,0.038322247
662,0.116756626,0.038336207
663,0.116831598,0.038353048
664,0.116917866,0.03835974
665,0.117007567,0.038373999
666,0.117099466,0.038391223
667,0.117191298,0.038398529
668,0.117272895,0.038408419
669,0.117356753,0.038419059
670,0.117453026,0.038429469
671,0.11754124,0.038436993
672,0.117633732,0.038445409
673,0.117731337,0.038455198
674,0.117816621,0.038465312
675,0.117903169,0.038478773
676,0.117990362,0.038492862
677,0.118077366,0.038500931
678,0.118174621,0.038502043
679,0.118273362,0.03850528
680,0.118368604,0.0385169
681,0.118469208,0.038520574
682,0.118571395,0.038519716
683,0.118675125,0.038515213
684,0.118777552,0.038517841
685,0.118865615,0.038511179
686,0.118955164,0.03849844
687,0.119065968,0.038487615
688,0.119177168,0.038484006
689,0.119292346,0.038476257
690,0.119417093,0.038457579
691,0.119535065,0.038445955
692,0.119657923,0.038425612
693,0.119788173,0.03839551
694,0.119917271,0.038359111
695,0.12005732,0.038327493
696,0.120197597,0.038298117
697,0.120325837,0.038265828
698,0.120455256,0.038225153
699,0.120589394,0.038184237
700,0.12072946,0.038146797
701,0.12087011,0.038114019
702,0.121016582,0.038075665
703,0.121166892,0.038033533
704,0.121319092,0.038002686
705,0.121462093,0.037973821
706,0.121605606,0.037944788
707,0.121764642,0.037911557
708,0.121906817,0.037884372
709,0.122046029,0.037858715
710,0.122187043,0.037832901
711,0.122335558,0.037804729
712,0.122483254,0.037778744
713,0.12262883,0.037755455
714,0.122762653,0.037737425
715,0.122886612,0.037713449
716,0.123012249,0.037687509
717,0.123143689,0.037667451
718,0.123287507,0.037646923
719,0.123457566,0.037630097
720,0.123646396,0.037619795
721,0.123810411,0.037614523
722,0.123937911,0.037609077
723,0.124049826,0.037601938
724,0.124195337,0.037585994
725,0.124340235,0.037582051
726,0.124477106,0.037580665
727,0.124598969,0.037571739
728,0.124749579,0.037575744
729,0.124896306,0.037578961
730,0.125029125,0.037577999
731,0.125172955,0.037585033
732,0.125321452,0.037590696
733,0.125465963,0.037596766
734,0.125573894,0.037611429
735,0.125695066,0.037609078
736,0.125818488,0.037608926
737,0.125934226,0.037629877
738,0.126060312,0.037638824
739,0.126183042,0.037643174
740,0.126299279,0.03764431
741,0.126411423,0.037663838
742,0.126526177,0.037675073
743,0.126641489,0.03768014
744,0.126752426,0.03768392
745,0.12686492,0.037695661
746,0.126974738,0.037708701
747,0.127078017,0.037718145
748,0.12718995,0.037728436
749,0.127293709,0.037737873
750,0.127386,0.037746061
751,0.127491065,0.037754148
752,0.127595152,0.037761849
753,0.127698552,0.037769497
754,0.127802733,0.037778184
755,0.127909006,0.037791657
756,0.128010535,0.037807331
757,0.128105043,0.037825231
758,0.128096975,0.037808586
759,0.128093229,0.037789381
760,0.128144195,0.037777763
761,0.128373943,0.037775743
762,0.128501723,0.037790304
763,0.128581091,0.037814975
764,0.128697254,0.037847289
765,0.128831048,0.037863619
766,0.128938617,0.037879536
767,0.129022129,0.037902552
768,0.12910793,0.037911762
769,0.129193706,0.037921032
770,0.129281098,0.0379315
771,0.129357938,0.037937378
772,0.129434476,0.037939798
773,0.129510133,0.037944014
774,0.129582727,0.037962506
775,0.129665309,0.037968542
776,0.129747345,0.03797396
777,0.129824048,0.037984556
778,0.129899448,0.037989381
779,0.129977953,0.03799835
780,0.130059064,0.038010791
781,0.130134577,0.038010511
782,0.130210624,0.038012843
783,0.130286131,0.03801718
784,0.130357251,0.038023503
785,0.130431802,0.038024916
786,0.130499866,0.038024816
787,0.130555362,0.038024251
788,0.130623641,0.038025693
789,0.130697345,0.03802784
790,0.130773508,0.038030559
791,0.130831717,0.038033384
792,0.130894121,0.038036232
793,0.130960336,0.038037993
794,0.131031828,0.038036265
795,0.131088877,0.038038806
796,0.131149207,0.038043603
797,0.131219506,0.03805031
798,0.131272997,0.038049792
799,0.131323789,0.038048044
800,0.131374142,0.038045601
801,0.131431748,0.038044242
802,0.131492584,0.038043963
803,0.131550176,0.038043175
804,0.131593673,0.038039452
805,0.131647689,0.038037334
806,0.131702947,0.038035767
807,0.131757734,0.03803448
808,0.131796935,0.038030355
809,0.131836075,0.038026823
810,0.131876282,0.038022848
811,0.131922219,0.038012008
812,0.131957653,0.038009712
813,0.131986151,0.038009129
814,0.132005335,0.038002065
815,0.132037155,0.037988086
816,0.132078565,0.037977841
817,0.13212838,0.03797542
818,0.132184001,0.037968516
819,0.132239567,0.037963847
820,0.132287582,0.037961158
821,0.132296673,0.037960337
822,0.132321446,0.037941872
823,0.132365379,0.037923923
824,0.132433081,0.037927028
825,0.132468567,0.037915256
826,0.132490858,0.03790441
827,0.132504108,0.037896986
828,0.132540234,0.037888192
829,0.132569036,0.037882002
830,0.132594216,0.037877374
831,0.132630907,0.037870558
832,0.132662971,0.03786057
833,0.13270061,0.037849217
834,0.132753732,0.037837505
835,0.132781774,0.037831036
836,0.132799096,0.037823753
837,0.132808382,0.037814847
838,0.132826104,0.037812161
839,0.132854674,0.037803155
840,0.132886126,0.037789329
841,0.132897768,0.037772676
842,0.132927426,0.037767369
843,0.132965435,0.03775968
844,0.133008083,0.037738793
845,0.133010716,0.037735429
846,0.133019472,0.03772517
847,0.133041213,0.037705454
848,0.133078978,0.037699933
849,0.133105913,0.037693909
850,0.133127683,0.037686739
851,0.133155974,0.037676359
852,0.133157275,0.037674205
853,0.133160737,0.03766682
854,0.133185517,0.037643513
855,0.133212179,0.037626599
856,0.133244563,0.03761774
857,0.133280291,0.037615333
858,0.133290586,0.037599014
859,0.13330426,0.037592869
860,0.133323177,0.037588134
861,0.133354269,0.037567024
862,0.133376147,0.037562569
863,0.13339605,0.037558095
864,0.133417383,0.037544788
865,0.133432471,0.037537415
866,0.133448323,0.037529081
867,0.133467174,0.037518511
868,0.133508346,0.037498569
869,0.133535909,0.037496638
870,0.133558417,0.037499049
871,0.133588153,0.037484431
872,0.133618644,0.037477053
873,0.133645209,0.037470112
874,0.133664455,0.037460793
875,0.133689143,0.037450436
876,0.133711338,0.037440371
877,0.133730909,0.037430972
878,0.13375129,0.037424153
879,0.133784433,0.037411532
880,0.133821981,0.037400385
881,0.133852472,0.037403588
882,0.133874433,0.037400178
883,0.133897307,0.037392345
884,0.133924645,0.037379816
885,0.133961021,0.037367551
886,0.133987584,0.037359675
887,0.134007462,0.037357377
888,0.134045344,0.037369281
889,0.134079862,0.037365719
890,0.134106033,0.037355633
891,0.134112475,0.037346878
892,0.134142422,0.037351019
893,0.134173135,0.037344061
894,0.134197476,0.037315337
895,0.134210514,0.037333664
896,0.134243075,0.037338748
897,0.134288537,0.037331548
898,0.134289275,0.03733286
899,0.134322713,0.037331595
900,0.134376846,0.037324744
901,0.134442743,0.037306781
902,0.134471099,0.03731556
903,0.134503209,0.037319041
904,0.134548888,0.037309629
905,0.134574881,0.037302908
906,0.134612409,0.037299781
907,0.134655825,0.037300552
908,0.134671374,0.03730821
909,0.134710094,0.037310087
910,0.134752934,0.037311248
911,0.134779611,0.037316797
912,0.134825905,0.037296719
913,0.134876717,0.037285197
914,0.134929757,0.037289727
915,0.134954238,0.037289312
916,0.134991436,0.037305567
917,0.135042496,0.037325837
918,0.135120186,0.037305681
919,0.135159784,0.037305269
920,0.135200307,0.037315287
921,0.135271866,0.037333349
922,0.135313036,0.037326593
923,0.135340811,0.037318589
924,0.135358669,0.037313532
925,0.135404489,0.037329802
926,0.135448422,0.03732295
927,0.135480976,0.037311244
928,0.135459975,0.037358265
929,0.135457682,0.037370128
930,0.135464409,0.037366144
931,0.135476154,0.037354391
932,0.135473941,0.037339265
933,0.135501724,0.03732883
934,0.135578683,0.037329374
935,0.135581541,0.037344473
936,0.135682462,0.037331332
937,0.13582573,0.037317627
938,0.135873122,0.037379559
939,0.135901211,0.037374047
940,0.135948714,0.037373837
941,0.136040483,0.037412303
942,0.13609006,0.037401323
943,0.136112712,0.037392308
944,0.136115999,0.037390306
945,0.136188329,0.037398403
946,0.136248059,0.037416363
947,0.136310382,0.037437121
948,0.136411843,0.037445066
949,0.136427233,0.037472691
950,0.136434367,0.037473551
951,0.136467228,0.03741816
952,0.136598744,0.037411475
953,0.136667713,0.037445539
954,0.13667177,0.037503452
955,0.13669059,0.037426689
956,0.136811248,0.037465405
957,0.13693812,0.037540596
958,0.136905968,0.037531373
959,0.136982663,0.037515321
960,0.137068357,0.037524465
961,0.137127,0.03757467
962,0.137153484,0.037560255
963,0.137187784,0.037551591
964,0.137238786,0.037552513
965,0.137363134,0.037567195
966,0.137458185,0.037577086
967,0.137513092,0.037582166
968,0.137492255,0.037579537
969,0.137574485,0.037575283
970,0.137671385,0.03758295
971,0.137759863,0.037608728
972,0.137800288,0.037625715
973,0.137835689,0.037622393
974,0.137872687,0.037609443
975,0.137943311,0.037658389
976,0.138003526,0.037664405
977,0.138057585,0.037660324
978,0.138106076,0.037685299
979,0.13819115,0.037658457
980,0.13823889,0.037642819
981,0.138221751,0.037658017
982,0.138344424,0.037687222
983,0.138424944,0.037693826
984,0.138471959,0.037687567
985,0.138529317,0.0377114
986,0.138563201,0.037712544
987,0.138594499,0.037709369
988,0.138645106,0.03771906
989,0.138756363,0.037742673
990,0.138813973,0.037777317
991,0.1387844,0.037823626
992,0.13885416,0.037759619
993,0.138887178,0.037733532
994,0.138904866,0.037737672
995,0.138997116,0.037749404
996,0.139046136,0.037792241
997,0.139077918,0.037826662
998,0.139109172,0.037806305
999,0.139192559,0.037814279
1000,0.139271042,0.037811412
1001,0.139331931,0.037788676
1002,0.139391632,0.037779704
1003,0.139485973,0.03780378
1004,0.139582425,0.037837488
1005,0.139584649,0.037857468
1006,0.139627882,0.037878993
1007,0.139713854,0.037901522
1008,0.139845191,0.037913157
1009,0.139983157,0.0379215
1010,0.140086308,0.037945006
1011,0.140089482,0.037956288
1012,0.140049328,0.037946076
1013,0.140017227,0.037930263
1014,0.140028092,0.037925961
1015,0.14010136,0.037931526
1016,0.140188091,0.037937752
1017,0.140313337,0.037960699
1018,0.140455927,0.037990272
1019,0.140531186,0.037997367
1020,0.140520458,0.037997514
1021,0.140454196,0.038008223
1022,0.140423622,0.038014886
1023,0.140482582,0.03800139
1024,0.140607485,0.037968607
1025,0.140734482,0.03795258
1026,0.140791283,0.037948439
1027,0.140835632,0.037938851
1028,0.14087411,0.037944525
1029,0.140884038,0.037953858
1030,0.140889962,0.037965459
1031,0.140916703,0.037975947
1032,0.140997263,0.037978838
1033,0.141105294,0.037971209
1034,0.141210254,0.037959209
1035,0.141287773,0.037956168
1036,0.141307199,0.037964604
1037,0.141289272,0.037979436
1038,0.141276205,0.038007254
1039,0.141295336,0.038027468
1040,0.141334225,0.038012061
1041,0.141393717,0.037985544
1042,0.141487677,0.038000583
1043,0.141552147,0.038039648
1044,0.141610409,0.038058156
1045,0.141660268,0.038073474
1046,0.141670783,0.03808031
1047,0.141673594,0.038060639
1048,0.141690062,0.038047711
1049,0.141742331,0.038035256
1050,0.141826577,0.038019854
1051,0.141914676,0.038013731
1052,0.141988771,0.038017054
1053,0.142042623,0.038024185
1054,0.142080196,0.038026298
1055,0.142116684,0.038029214
1056,0.142156472,0.038047684
1057,0.14218881,0.03805737
1058,0.142250855,0.038039945
1059,0.142356849,0.038023327
1060,0.14242406,0.038004326
1061,0.142435771,0.038001377
1062,0.142456641,0.038040687
1063,0.142480754,0.038068364
1064,0.142519654,0.038071229
1065,0.142548933,0.038070123
1066,0.142574062,0.03806285
1067,0.14264204,0.038057188
1068,0.142712483,0.038060638
1069,0.142751631,0.038065213
1070,0.142780967,0.038066269
1071,0.142817081,0.038074818
1072,0.142861072,0.038095487
1073,0.142906317,0.038115873
1074,0.142947033,0.038129331
1075,0.143004176,0.038139883
1076,0.143086923,0.038141361
1077,0.143164527,0.038141295
1078,0.14323919,0.038166533
1079,0.143282114,0.038193175
1080,0.143293368,0.038197954
1081,0.143345061,0.03818422
1082,0.143410938,0.038165994
1083,0.143490491,0.038173128
1084,0.143581063,0.038188466
1085,0.143650931,0.038195636
1086,0.143712884,0.038196205
1087,0.14375477,0.038205568
1088,0.14377344,0.038224799
1089,0.143816822,0.038238539
1090,0.14387523,0.038254225
1091,0.143927995,0.038270165
1092,0.143998026,0.038273083
1093,0.14406967,0.038266376
1094,0.144126109,0.038254413
1095,0.144208122,0.038253279
1096,0.144287818,0.038277873
1097,0.144337186,0.03829219
1098,0.1443936,0.038298975
1099,0.144419814,0.038310003
1100,0.144449267,0.038305014
1101,0.144508047,0.038306628
1102,0.144551957,0.03831389
1103,0.144615054,0.038329777
1104,0.144657519,0.038354404
1105,0.144667855,0.038355742
1106,0.144703603,0.038351829
1107,0.144745497,0.038356878
1108,0.14479722,0.038360664
1109,0.14490847,0.038370651
1110,0.145006481,0.038385346
1111,0.145042352,0.038386935
1112,0.145083789,0.038380627
1113,0.145119209,0.038378685
1114,0.145136501,0.038377083
1115,0.145189601,0.038372872
1116,0.14522691,0.038384474
1117,0.14526406,0.038418311
1118,0.145373556,0.038444746
1119,0.145438893,0.038476843
1120,0.145503624,0.038549858
1121,0.145543891,0.038633651
1122,0.14550279,0.038691804
1123,0.145466723,0.038708012
1124,0.145365581,0.038676472
1125,0.14535576,0.038666283
1126,0.145530624,0.038679289
1127,0.145658365,0.038700402
1128,0.145777859,0.038653996
1129,0.145873135,0.038586114
1130,0.145839273,0.038583497
1131,0.145828861,0.038627074
1132,0.145926022,0.03869629
1133,0.146028117,0.038737983
1134,0.146204913,0.038712513
1135,0.146413657,0.038690671
1136,0.146516072,0.038725136
1137,0.146595035,0.038779093
1138,0.146652695,0.038783761
1139,0.146648373,0.038750925
1140,0.146680972,0.038780844
1141,0.146696244,0.038801692
1142,0.146742823,0.038759609
1143,0.146856436,0.038757469
1144,0.146907707,0.038832367
1145,0.14693595,0.038935174
1146,0.146975278,0.038971687
1147,0.147051551,0.038959558
1148,0.147145038,0.038965235
1149,0.147176787,0.03896217
1150,0.147216804,0.038965653
1151,0.147339079,0.038979692
1152,0.147450568,0.038985295
1153,0.147533947,0.038973311
1154,0.14761007,0.038966172
1155,0.147660746,0.038990373
1156,0.147704676,0.039021882
1157,0.147775658,0.03904017
1158,0.14783813,0.039051825
1159,0.147944652,0.039081826
1160,0.148062666,0.039111202
1161,0.148136343,0.039135913
1162,0.148209996,0.039155348
1163,0.14826392,0.03916595
1164,0.148291776,0.039171877
1165,0.148354536,0.039174946
1166,0.148427386,0.039172862
1167,0.148491494,0.039169829
1168,0.148584925,0.039186532
1169,0.148671406,0.039204883
1170,0.148740667,0.039214034
1171,0.148812141,0.039225468
1172,0.148863674,0.03923808
1173,0.148914962,0.039245517
1174,0.148980475,0.039253504
1175,0.149043581,0.03926714
1176,0.149121014,0.039276222
1177,0.149204355,0.039278607
1178,0.149280536,0.039283415
1179,0.149358547,0.039294643
1180,0.149421353,0.03931621
1181,0.149469201,0.03933537
1182,0.149535914,0.039353164
1183,0.149599604,0.039374097
1184,0.149660615,0.039387271
1185,0.149720612,0.039399233
1186,0.149782722,0.039413373
1187,0.149862747,0.039426066
1188,0.149934474,0.03944287
1189,0.149979111,0.03946304
1190,0.150034423,0.039481313
1191,0.150099214,0.039492741
1192,0.150157461,0.039506152
1193,0.150239506,0.039531979
1194,0.150317039,0.03955237
1195,0.150397591,0.039559927
1196,0.150477756,0.039568149
1197,0.150529329,0.039579242
1198,0.150583358,0.039590727
1199,0.150650076,0.039590592
1200,0.150714038,0.039587056
1201,0.150797355,0.039588053
1202,0.150886132,0.039591826
1203,0.150941524,0.039598174
1204,0.15099517,0.039605036
1205,0.151059994,0.039613963
1206,0.151123643,0.039625541
1207,0.151199992,0.039653071
1208,0.151269837,0.039685961
1209,0.151346256,0.039700107
1210,0.151438101,0.039704006
1211,0.151525208,0.039706847
1212,0.151614065,0.039703249
1213,0.151696986,0.03971222
1214,0.151764929,0.039736228
1215,0.151837087,0.03975463
1216,0.151908287,0.039770701
1217,0.151976681,0.039787501
1218,0.152070052,0.039803627
1219,0.152158941,0.039819228
1220,0.152233085,0.039830843
1221,0.15230774,0.039842193
1222,0.152367164,0.039854588
1223,0.152426285,0.039866344
1224,0.152497685,0.039876651
1225,0.152567596,0.039887052
1226,0.152646744,0.039895588
1227,0.152728153,0.039903697
1228,0.152801467,0.039912977
1229,0.152876112,0.039921328
1230,0.152936221,0.03993416
1231,0.152988007,0.039947304
1232,0.15305506,0.039954077
1233,0.153124139,0.039960221
1234,0.153198826,0.039965975
1235,0.153280864,0.039972088
1236,0.15335989,0.039985414
1237,0.153440507,0.04000306
1238,0.153510817,0.040012422
1239,0.153569208,0.040011517
1240,0.153633634,0.04001422
1241,0.153697581,0.040023046
1242,0.153766165,0.040031326
1243,0.15385449,0.040039987
1244,0.153934081,0.040048482
1245,0.153995799,0.040051767
1246,0.154059598,0.040055318
1247,0.15411825,0.04006509
1248,0.154179095,0.040074573
1249,0.154243838,0.040084003
1250,0.154307809,0.040094587
1251,0.154388996,0.040112049
1252,0.15447311,0.040129315
1253,0.154537093,0.040145785
1254,0.154601293,0.040163261
1255,0.154671413,0.040169106
1256,0.154741323,0.040174504
1257,0.154815303,0.040182286
1258,0.154887424,0.040188863
1259,0.154969797,0.040193213
1260,0.15506214,0.040196408
1261,0.15512885,0.040210468
1262,0.155183193,0.04023133
1263,0.155242798,0.040247056
1264,0.15530139,0.040260884
1265,0.155362467,0.040273614
1266,0.155419617,0.040282262
1267,0.155482176,0.040293142
1268,0.155564536,0.040306543
1269,0.155640784,0.040318464
1270,0.15570824,0.040328296
1271,0.155778578,0.040339115
1272,0.155844528,0.040356385
1273,0.155910549,0.04037292
1274,0.155978427,0.040383635
1275,0.156044058,0.040393648
1276,0.156119701,0.040391372
1277,0.156191229,0.040389542
1278,0.156251013,0.040394734
1279,0.15631011,0.040400673
1280,0.15636263,0.040421369
1281,0.156413336,0.040443022
1282,0.156485695,0.040446305
1283,0.156558443,0.040449605
1284,0.156633517,0.040457954
1285,0.15670909,0.040466152
1286,0.156768822,0.040477501
1287,0.156825685,0.040488769
1288,0.156880892,0.040497461
1289,0.156933093,0.040505473
1290,0.15700156,0.0405183
1291,0.157075902,0.040534029
1292,0.157144434,0.040546865
1293,0.157213386,0.04055796
1294,0.157271839,0.040570748
1295,0.157322742,0.04058551
1296,0.157378655,0.040595989
1297,0.157436594,0.040597483
1298,0.157497961,0.040600042
1299,0.157559394,0.040609807
1300,0.157621857,0.040619399
1301,0.157693802,0.040625092
1302,0.157764475,0.040629912
1303,0.157829903,0.040635071
1304,0.157892502,0.040644229
1305,0.15793242,0.040666512
1306,0.157976437,0.040688699
1307,0.158031842,0.040706581
1308,0.158087724,0.04072466
1309,0.158154152,0.040735125
1310,0.158222702,0.040745663
1311,0.158266824,0.040749767
1312,0.158310488,0.040753959
1313,0.158370935,0.040760089
1314,0.158434718,0.040767367
1315,0.158485515,0.04078314
1316,0.158531425,0.040799863
1317,0.158602145,0.04081839
1318,0.158684062,0.040837757
1319,0.158739981,0.040857801
1320,0.158790229,0.040878979
1321,0.158847712,0.040887439
1322,0.158906249,0.040890419
1323,0.158963487,0.040902272
1324,0.159019411,0.040918818
1325,0.159074754,0.040929955
1326,0.159132136,0.040937123
1327,0.159180836,0.040946651
1328,0.159223022,0.040958329
1329,0.159256774,0.04097195
1330,0.159276666,0.040987987
1331,0.15931624,0.041007667
1332,0.159383855,0.041033268
1333,0.159446192,0.041053441
1334,0.159496614,0.041059104
1335,0.159544868,0.041067608
1336,0.15958865,0.041083086
1337,0.159633807,0.041096998
1338,0.159675231,0.041107015
1339,0.159717839,0.041119053
1340,0.159746149,0.041130097
1450,0.160430896,0.042202798
1451,0.160534729,0.042229855
1452,0.160579066,0.042265082
1453,0.160617271,0.042296404
1454,0.16068053,0.042326159
1455,0.160740243,0.042352735
1456,0.160816194,0.042343004
1457,0.160884379,0.042333982
1458,0.16093892,0.04235756
1459,0.160990332,0.042383079
1460,0.160986171,0.04238097
1461,0.160978477,0.042377457
1462,0.161059701,0.042414897
1463,0.161158799,0.042458338
1464,0.161226681,0.042476854
1465,0.161292407,0.042492129
1466,0.161394988,0.042494564
1467,0.161503935,0.042495502
1468,0.161541231,0.042502016
1469,0.161572937,0.042511798
1470,0.161649633,0.042518451
1471,0.161739184,0.042524216
1472,0.161870211,0.042527284
1473,0.162001101,0.042530009
1474,0.162099436,0.042544071
1475,0.16218054,0.04255937
1476,0.162238124,0.042561587
1477,0.16229107,0.042562556
1478,0.16241166,0.042599468
1479,0.162547687,0.042642671
1480,0.162674203,0.042662255
1481,0.162789814,0.042676352
1482,0.162880896,0.042697235
1483,0.162955745,0.04271876
1484,0.163052616,0.042721589
1485,0.163153555,0.042717263
1486,0.163260439,0.042734031
1487,0.163366874,0.0427584
1488,0.163483572,0.042786169
1489,0.163593583,0.042813589
1490,0.163692328,0.042813655
1491,0.163778975,0.042802906
1492,0.163856281,0.042807572
1493,0.163930105,0.04281891
1494,0.16400555,0.042822095
1495,0.164082365,0.042822012
1496,0.164159664,0.042824256
1497,0.16423407,0.042826128
1498,0.164319917,0.042833897
1499,0.16440765,0.042846304
1500,0.164475075,0.042856804
1501,0.16453314,0.042866062
1502,0.164591459,0.042871584
1503,0.164652029,0.042873246
1504,0.164731651,0.042873904
1505,0.164816445,0.042874331
1506,0.164894726,0.042879994
1507,0.164967615,0.042890154
1508,0.165041369,0.042898962
1509,0.165116869,0.042905607
1510,0.165190647,0.042912369
1511,0.165266081,0.042918907
1512,0.165340339,0.042923792
1513,0.165411129,0.042929065
1514,0.165486306,0.04293558
1515,0.165562393,0.042942925
1516,0.165631271,0.042944666
1517,0.165696086,0.04294145
1518,0.165763519,0.042939467
1519,0.165833829,0.042938698
1520,0.165898512,0.042942629
1521,0.165956839,0.042949399
1522,0.166024362,0.042957506
1523,0.16609586,0.042967127
1524,0.166154397,0.042977171
1525,0.166207395,0.042987161
1526,0.166264745,0.042993739
1527,0.166325765,0.042997829
1528,0.166394099,0.042993635
1529,0.166466237,0.042983592
1530,0.166531921,0.042983857
1531,0.166591218,0.042992222
1532,0.16665265,0.042998431
1533,0.166717285,0.043003455
1534,0.16677813,0.043007815
1535,0.166838442,0.043010375
1536,0.166905846,0.043015243
1537,0.166976025,0.043021864
1538,0.167042711,0.043030224
1539,0.167105552,0.043039665
1540,0.167163624,0.043043488
1541,0.167221189,0.043044583
1542,0.167280354,0.04304684
1543,0.167340661,0.043050643
1544,0.167402519,0.043054562
1545,0.167463902,0.043057262
1546,0.167527424,0.043062156
1547,0.167589431,0.043068305
1548,0.167647745,0.043071773
1549,0.167707583,0.043072504
1550,0.167763986,0.043072488
1551,0.167820859,0.043073885
1552,0.167886455,0.04307271
1553,0.167954352,0.043069691
1554,0.168017157,0.043068692
1555,0.168075331,0.043068929
1556,0.168122284,0.043072448
1557,0.168165454,0.043077443
1558,0.168211044,0.043083845
1559,0.168260403,0.043091436
1560,0.168321998,0.043101096
1561,0.16838665,0.043111262
1562,0.168447562,0.043121671
1563,0.1685072,0.043131394
1564,0.168557936,0.043140175
1565,0.168606135,0.043148537
1566,0.168648192,0.043148484
1567,0.168689735,0.043147438
1568,0.16875436,0.043152415
1569,0.168828321,0.043157367
1570,0.16889555,0.043159633
1571,0.168958152,0.043162477
1572,0.169003712,0.043170131
1573,0.169045984,0.043179082
1574,0.169101232,0.043195418
1575,0.169162721,0.043213529
1576,0.169233295,0.043213197
1577,0.169303958,0.043207895
1578,0.169368371,0.043208453
1579,0.169430415,0.043212048
1580,0.169485602,0.043215515
1581,0.169540024,0.04321705
1582,0.169589999,0.043223754
1583,0.169640511,0.043233513
1584,0.169707516,0.043234695
1585,0.169775168,0.043234277
1586,0.169832519,0.043244154
1587,0.169888545,0.043255406
1588,0.16994172,0.043265284
1589,0.169994194,0.043274132
1590,0.17005442,0.043276827
1591,0.170117905,0.043280216
1592,0.170187645,0.043288907
1593,0.170257283,0.04329649
1594,0.170314803,0.043295771
1595,0.170369634,0.043294908
1596,0.170409205,0.043299238
1597,0.170448079,0.043305147
1598,0.170502503,0.043307182
1599,0.170562333,0.043309059
1600,0.170622137,0.043311555
1601,0.170680255,0.043314612
1602,0.170720175,0.043324934
1603,0.170761742,0.043334543
1604,0.170822809,0.043342228
1605,0.170883491,0.043350095
1606,0.170943426,0.043356738
1607,0.171003935,0.043361392
1608,0.17106143,0.043363822
1609,0.17111963,0.043368382
1610,0.17117413,0.043378233
1611,0.171224964,0.043384782
1612,0.171270799,0.043380417
1613,0.171316439,0.043384489
1614,0.171363765,0.043404383
1615,0.171416612,0.043417067
1616,0.17148128,0.043417508
1617,0.171540948,0.043419744
1618,0.171586973,0.043426434
1619,0.171629683,0.043428556
1620,0.171672097,0.043423679
1621,0.17171045,0.0434258
1622,0.171748902,0.043436869
1623,0.171805987,0.043445604
1624,0.171878674,0.043451274
1625,0.171942408,0.043456027
1626,0.171997659,0.04345857
1627,0.172043499,0.043463075
1628,0.172082353,0.043470864
1629,0.172120984,0.043482401
1630,0.17216035,0.04349511
1631,0.172211429,0.043507469
1632,0.172266117,0.043519338
1633,0.172310971,0.043518649
1634,0.172349074,0.04351383
1635,0.172375381,0.043515159
1636,0.172400019,0.043518688
1637,0.172429875,0.043523389
1638,0.172466083,0.043528384
1639,0.172524532,0.043543039
1640,0.172586636,0.043559133
1641,0.172636086,0.043570238
1642,0.17268272,0.043582387
1643,0.17272072,0.043591345
1644,0.172756349,0.043599343
1645,0.172796682,0.04360171
1646,0.172840039,0.043604036
1647,0.172894411,0.043615928
1648,0.172950709,0.043628341
1649,0.172991171,0.043636892
1650,0.1730274,0.043645283
1651,0.173050096,0.043657137
1652,0.173073776,0.043668868
1653,0.173112231,0.043676225
1654,0.173151718,0.043682624
1655,0.173200091,0.04369021
1656,0.173246278,0.043700005
1657,0.173267098,0.043715045
1658,0.173285419,0.043727727
1659,0.173305461,0.043736763
1660,0.173321169,0.043745569
1661,0.173333019,0.043750676
1662,0.173352626,0.043754371
1663,0.17338238,0.043755204
1664,0.173410736,0.043757142
1665,0.17343102,0.043760902
1666,0.173442395,0.043775209
1667,0.173441983,0.043803338
1668,0.173433024,0.04381637
1669,0.173424854,0.043811656
1670,0.17343583,0.043818613
1671,0.173455401,0.043835988
1672,0.173472444,0.043848284
1673,0.173486676,0.043858451
1674,0.173473143,0.043870862
1675,0.173449136,0.043884778
1676,0.173439457,0.043900534
1677,0.173437444,0.043916912
1678,0.173447836,0.043918052
1679,0.173460847,0.043913957
1680,0.173456089,0.043913029
1681,0.173443239,0.043912942
1682,0.173412083,0.04392947
1683,0.173382669,0.043949908
1684,0.173350408,0.043969148
1685,0.173316739,0.043986998
1686,0.17329615,0.043994226
1687,0.173278081,0.044000821
1688,0.173247004,0.044001095
1689,0.173211193,0.044002383
1690,0.17315247,0.044016992
1691,0.173095342,0.04403333
1692,0.173064605,0.044050428
1693,0.173035004,0.044066119
1694,0.173004101,0.044078945
1695,0.172978622,0.044088208
1696,0.17295695,0.04409229
1697,0.172926004,0.044099361
1698,0.172883855,0.044106643
1699,0.172847133,0.044109357
1700,0.172823735,0.04410856
1701,0.172806054,0.044112239
1702,0.17278949,0.044122362
1703,0.172772603,0.044139663
1704,0.172750287,0.044159238
1705,0.172735395,0.044172852
1706,0.172726347,0.044183428
1707,0.172715856,0.044194866
1708,0.172706622,0.044206514
1709,0.172707819,0.04421712
1710,0.172712049,0.044227854
1711,0.17269866,0.044234848
1712,0.172678859,0.044241576
1713,0.172643123,0.044246267
1714,0.172607314,0.044252964
1715,0.172588309,0.044262301
1716,0.172574249,0.044273507
1717,0.172569966,0.044284587
1718,0.172570103,0.044292615
1719,0.172582386,0.044292747
1720,0.172583758,0.044293977
1721,0.172563114,0.044295861
1722,0.17254226,0.044294532
1723,0.172531613,0.044289366
1724,0.172541093,0.044285019
1725,0.172573289,0.044279645
1726,0.172608676,0.044271445
1727,0.172637681,0.044261529
1728,0.172650406,0.044256015
1729,0.172653276,0.044254346
1730,0.172678639,0.044256605
1731,0.172724218,0.044259589
1732,0.172777032,0.044260743
1733,0.172831855,0.044263001
1734,0.172898865,0.044259902
1735,0.172963865,0.044254012
1736,0.173025782,0.04425693
1737,0.173089333,0.044260054
1738,0.173143357,0.044238697
1739,0.173202384,0.044218559
1740,0.173274464,0.044216138
1741,0.17334719,0.044216871
1742,0.173394785,0.04422444
1743,0.17343419,0.044228551
1744,0.173466983,0.044238341
1745,0.173498207,0.044244251
1746,0.173521424,0.04423524
1747,0.173545001,0.044232103
1748,0.173565282,0.044238386
1749,0.173578233,0.044239879
1750,0.173579413,0.044235541
1751,0.173571016,0.044239051
1752,0.173554335,0.044247464
1753,0.173559788,0.044247847
1754,0.173584617,0.04424472
1755,0.173615933,0.04423349
1756,0.173647753,0.044221652
1757,0.173672719,0.044225563
1758,0.173688273,0.044232932
1759,0.173678702,0.044226558
1760,0.17366946,0.044216349
1761,0.17368941,0.04422927
1762,0.173722749,0.044241634
1763,0.173795704,0.044206947
1764,0.173864146,0.044176227
1765,0.173910775,0.044174753
1766,0.173959109,0.044172351
1767,0.174025332,0.044171551
1768,0.174097859,0.044177288
1769,0.174170401,0.044189993
1770,0.174258313,0.044193195
1771,0.174369333,0.044182537
1772,0.174461028,0.044180564
1773,0.17453159,0.044187343
1774,0.174535717,0.044179477
1775,0.174514743,0.044163407
1776,0.174556881,0.044152907
1777,0.174622049,0.044147385
1778,0.174671703,0.044164236
1779,0.17471577,0.044171746
1780,0.17474974,0.044160689
1781,0.174776836,0.044156706
1782,0.174752462,0.044175458
1783,0.174736831,0.044185246
1784,0.17477876,0.044140394
1785,0.174844468,0.044099727
1786,0.174961939,0.044089506
1787,0.175037287,0.044099904
1788,0.175021518,0.044129504
1789,0.17497808,0.044144994
1970,0.165339694,0.042490767
1971,0.165456091,0.042544395
1972,0.165532588,0.042589044
1973,0.165649524,0.04263618
1974,0.165781657,0.042686587
1975,0.165877483,0.04271311
1976,0.165995917,0.04271857
1977,0.166104939,0.042736667
1978,0.166197921,0.042797512
1979,0.16628689,0.042852191
1980,0.166388532,0.042861126
1981,0.166491447,0.042873222
1982,0.166620402,0.042902421
1983,0.166742923,0.042941748
1984,0.166858065,0.042989626
1985,0.166982925,0.043038735
1986,0.167086348,0.043085351
1987,0.167161561,0.043136387
1988,0.167242795,0.043191313
1989,0.16730648,0.043244644
1990,0.1673612,0.043299034
1991,0.167452787,0.04330927
1992,0.167543152,0.043311741
1993,0.167603096,0.043330668
1994,0.16768486,0.043373537
1995,0.167743274,0.043420746
1996,0.16775813,0.043444263
1997,0.167795324,0.043472503
1998,0.167941834,0.043515894
1999,0.16813561,0.043571684
2000,0.168328458,0.043564728
2001,0.168512325,0.043541328
2002,0.168779543,0.043526947
2003,0.169154202,0.043542032
2004,0.169458456,0.04349316
2005,0.169728569,0.043428192
2006,0.170010323,0.043434741
2007,0.170213581,0.043490104
2008,0.170439702,0.043540031
2009,0.170616915,0.043526263
2010,0.17077854,0.043519454
2011,0.171019037,0.043518496
2012,0.171262161,0.043522497
2013,0.171424821,0.043583785
2014,0.171543182,0.043648288
2015,0.171742209,0.043747592
2016,0.171969131,0.043866256
2017,0.172177619,0.043947623
2018,0.172366774,0.043977323
2019,0.172523152,0.043997886
2020,0.17270039,0.044011367
2021,0.172849849,0.044023776
2022,0.172968714,0.044061622
2023,0.173073017,0.044100722
2024,0.173134343,0.044174953
2025,0.173172587,0.044245287
2026,0.173248265,0.044296238
2027,0.173347863,0.044336866
2028,0.173458265,0.044383384
2029,0.173601583,0.044439105
2030,0.173726072,0.044490962
2031,0.17380987,0.044529603
2032,0.173891629,0.044565896
2033,0.173951137,0.044599171
2034,0.174006748,0.044633946
2035,0.174105442,0.04464774
2036,0.174212382,0.044657409
2037,0.174302722,0.044675285
2038,0.174386911,0.04469864
2039,0.174458616,0.044733627
2040,0.174519808,0.044778493
2041,0.174584082,0.044818286
2042,0.174645582,0.044842018
2043,0.174711452,0.044868165
2044,0.174766195,0.044921106
2045,0.174824538,0.044977811
2046,0.174925243,0.044985759
2047,0.1750431,0.044986875
2048,0.175151863,0.04496804
2049,0.175259368,0.044938981
2050,0.175344841,0.044925772
2051,0.175402315,0.044928344
2052,0.175463133,0.044920156
2053,0.175519616,0.044884003
2054,0.175578827,0.044851582
2055,0.17565885,0.044852601
2056,0.175739359,0.044854418
2057,0.175773121,0.04487429
2058,0.175805162,0.044895317
2059,0.175886516,0.044922552
2060,0.175981727,0.044952578
2061,0.176067596,0.044944739
2062,0.176145346,0.044910839
2063,0.17621569,0.044886382
2064,0.17627595,0.044875333
2065,0.176328665,0.044873
2066,0.176359083,0.0448971
2067,0.176387089,0.044919811
2068,0.176387165,0.044920129
2069,0.176387269,0.044920769
2070,0.176410318,0.044890529
2071,0.176436241,0.044857704
2072,0.176503048,0.044864063
2073,0.17658379,0.044886185
2074,0.176647489,0.044904859
2075,0.176695128,0.044920023
2076,0.176726167,0.044931862
2077,0.176731883,0.044939686
2078,0.176739662,0.044945154
2079,0.176754446,0.044936719
2080,0.176768464,0.044928852
2081,0.17675151,0.044902378
2082,0.17673447,0.044876345
2083,0.176733997,0.044849213
2084,0.176735729,0.044822413
2085,0.176751062,0.044809496
2086,0.176774225,0.044803575
2087,0.176770665,0.044795801
2088,0.176745381,0.044786964
2089,0.176717811,0.04477301
2090,0.176679838,0.044745348
2091,0.176660744,0.044724523
2092,0.176724629,0.0447498
2093,0.176786865,0.044774508
2094,0.176803458,0.044726778
2095,0.176821084,0.044676702
2096,0.176803097,0.044661192
2097,0.176777603,0.044652702
2098,0.176746176,0.044648998
2099,0.176709644,0.044649136
2100,0.176693737,0.044656806
2101,0.176692526,0.044671625
2102,0.176697232,0.044673185
2103,0.176730293,0.044650051
2104,0.176758822,0.044626851
2105,0.176770457,0.044593101
2106,0.176782687,0.044560116
2107,0.176797872,0.044554073
2108,0.176812435,0.044549782
2109,0.176842623,0.044561059
2110,0.176868159,0.04457521
2111,0.17689916,0.04457473
2112,0.176938786,0.044564987
2113,0.176967591,0.044573399
2114,0.177000844,0.044604441
2115,0.177040672,0.044615316
2116,0.177078894,0.044591633
2117,0.177121585,0.04457211
2118,0.177168891,0.044563657
2119,0.177215977,0.044556433
2120,0.177256807,0.044553239
2121,0.177297343,0.044550259
2122,0.177319299,0.044566854
2123,0.177345146,0.044586674
2124,0.177369617,0.044598238
2125,0.177386737,0.044606379
2126,0.177400499,0.04460562
2127,0.177402322,0.044598072
2128,0.177400509,0.044593729
2129,0.177405892,0.044588413
2130,0.177397738,0.044584079
2131,0.177377774,0.044589627
2132,0.177361991,0.044590902
2133,0.177334573,0.044568764
2134,0.177307305,0.044546646
2135,0.177236343,0.044508611
2136,0.177153287,0.044468544
2137,0.177076895,0.044464037
2138,0.177011394,0.044471433
2139,0.176927093,0.044448477
2140,0.176839641,0.044407355
2141,0.176729646,0.044369966
2142,0.17658641,0.044330128
2143,0.17645741,0.044298764
2144,0.176333966,0.044290325
2145,0.176204432,0.044279722
2146,0.176086097,0.044249151
2147,0.175958185,0.044213956
2148,0.175797198,0.044147601
2149,0.175635517,0.044079972
2150,0.175487846,0.044019142
2151,0.175337373,0.04396043
2152,0.175166196,0.043899216
2153,0.174975147,0.043832814
2154,0.174784417,0.043789008
2155,0.174599157,0.043756087
2156,0.17440958,0.043712499
2157,0.174242155,0.043654388
2158,0.174084517,0.043590382
2159,0.173932017,0.043536932
2160,0.173784914,0.043483707
2161,0.1736128,0.043430346
2162,0.173435087,0.043380597
2163,0.17326264,0.043327333
2164,0.173092308,0.043272849
2165,0.172926458,0.043234903
2166,0.172761984,0.043195175
2167,0.172568801,0.043126351
2168,0.172367377,0.04306647
2169,0.172173588,0.043003221
2170,0.171972351,0.042934243
2171,0.171743082,0.042875568
2172,0.171500886,0.042815741
2173,0.1712597,0.042749331
2174,0.17104036,0.042680003
2175,0.170832142,0.042605875
2176,0.170628474,0.042505978
2177,0.170421665,0.04240773
2178,0.170136164,0.042309525
2179,0.169838267,0.042209097
2180,0.169574551,0.042122748
2181,0.169321884,0.042041854
2182,0.169035469,0.04195857
2183,0.168749689,0.041869435
2184,0.168448352,0.041746856
2185,0.168111918,0.041615333
2186,0.167798827,0.041479871
2187,0.167493882,0.041339609
2188,0.167177719,0.04123625
2189,0.166880235,0.041185324
2190,0.16658986,0.041127419
2191,0.166359692,0.041054983
2192,0.166123185,0.040982642
2193,0.165837355,0.040866604
2194,0.165554702,0.040745332
2195,0.16529594,0.040653844
2196,0.165020069,0.040565701
2197,0.164685179,0.040445215
2198,0.164342942,0.040314385
2199,0.163996814,0.040168508
2200,0.163671082,0.040014644
2201,0.163419262,0.039903876
2202,0.163184927,0.039835111
2203,0.163043374,0.039782545
2204,0.162948031,0.039725987
2205,0.162843709,0.039684585
2206,0.162781728,0.039656391
2207,0.16273385,0.039635577
2208,0.162739074,0.039656887
2209,0.162758839,0.039672819
2210,0.162789402,0.039646672
2211,0.162832671,0.039622903
2212,0.162916612,0.039631975
2213,0.163001406,0.039649176
2214,0.163120952,0.039698066
2215,0.163248225,0.039749459
2216,0.163322374,0.039786204
2217,0.163416816,0.039809266
2218,0.163522619,0.039822639
2219,0.163586539,0.03984477
2220,0.16366902,0.03988507
2221,0.163756284,0.039937919
2222,0.163789553,0.039996272
2223,0.163794568,0.040072351
2224,0.163776364,0.040127429
2225,0.163751726,0.040134983
2226,0.163759144,0.040140535
2227,0.163810982,0.040125543
2228,0.163862914,0.040126999
2229,0.163857081,0.04013679
2230,0.163830928,0.040133471
2231,0.163723607,0.04009535
2232,0.163607828,0.040060432
2233,0.163473594,0.040045634
2234,0.163348645,0.040042549
2235,0.163203578,0.040048766
2236,0.163028296,0.040048663
2237,0.162869441,0.040016475
2238,0.162708004,0.039959547
2239,0.16252111,0.039895726
2240,0.16232119,0.039843705
2241,0.162071507,0.039789385
2242,0.161796352,0.039738308
2243,0.161561147,0.03971154
2244,0.161392521,0.039710909
2245,0.16123435,0.039696308
2246,0.161049208,0.039648708
2247,0.160825136,0.039614462
2248,0.160515113,0.039623046
2249,0.160205786,0.039635346
2250,0.159974486,0.039628679
2251,0.15975959,0.03961767
2252,0.15950414,0.039618116
2253,0.159219251,0.039624973
2254,0.158970543,0.039604268
2255,0.158700755,0.039577045
2256,0.158355773,0.039546966
2257,0.158026227,0.039547072
2258,0.157705734,0.039591167
2259,0.157435005,0.039626053
2260,0.157195791,0.039654921
2261,0.156927297,0.039680847
2262,0.156683338,0.039696661
2263,0.156425455,0.03969117
2264,0.156113492,0.039689704
2265,0.155763732,0.03971775
2266,0.155410444,0.03975452
2267,0.155088082,0.039781745
2268,0.154785986,0.039806306
2269,0.154542659,0.039813093
2270,0.154313092,0.039812902
2271,0.154074587,0.039804586
2272,0.153823604,0.039795342
2273,0.153633873,0.03976342
2274,0.153466451,0.039737577
2275,0.15330682,0.039744415
2276,0.153160078,0.039747793
2277,0.152992291,0.039767688
2278,0.152807363,0.039782338
2279,0.152679898,0.039774126
2280,0.152548763,0.03975733
2281,0.152368424,0.039687145
2282,0.152162255,0.039602838
2283,0.151916752,0.039557686
2284,0.15169899,0.039545131
2285,0.15150041,0.039518701
2286,0.15129391,0.039459598
2287,0.15110683,0.039394915
2288,0.150855904,0.039288726
2289,0.15057615,0.03918317
2290,0.150321625,0.039158759
2291,0.1500381,0.039148674
2292,0.149708749,0.039130309
2293,0.149378926,0.039110075
2294,0.149065615,0.039097269
2295,0.148768599,0.039082789
2296,0.148468793,0.039059894
2297,0.148136986,0.039044773
2298,0.147769048,0.039009366
2299,0.14740976,0.038954837
2300,0.146985816,0.038952673
2301,0.14659951,0.038979867
2302,0.146430076,0.038979019
2303,0.146308838,0.038978173
2304,0.146198264,0.038965989
2305,0.146036934,0.038955972
2306,0.145818159,0.038968882
2307,0.145633038,0.038974528
2308,0.145459886,0.038920885
2309,0.145330779,0.038816646
2310,0.145302921,0.03874197
2311,0.145355395,0.038670695
2312,0.145473487,0.038589477
2313,0.145565454,0.03853323
2314,0.1455878,0.038479126
2315,0.145645058,0.038429259
2316,0.14569185,0.038369668
2317,0.145743072,0.038299552
2318,0.145834539,0.038235624
2319,0.145872188,0.038143081
2320,0.145918187,0.038043025
2321,0.145986883,0.037926697
2322,0.146029843,0.037816281
2323,0.146044887,0.037757993
2324,0.146075273,0.037717789
2325,0.146049423,0.037747178
2326,0.146012841,0.037781031
2327,0.145913005,0.037793073
2328,0.145783571,0.037812371
2329,0.14566128,0.037832038
2330,0.145538838,0.03783453
2331,0.145382903,0.037754737
2332,0.145196962,0.037639297
2333,0.145019482,0.03756418
2334,0.14490564,0.037517886
2335,0.144820909,0.037510468
2336,0.144719869,0.037532471
2337,0.144639033,0.03756811
2338,0.144498817,0.037648947
2339,0.144278963,0.037710431
2340,0.144089778,0.037696781
2341,0.1438868,0.037673861
2342,0.143754546,0.037688425
2343,0.143685162,0.037677933
2344,0.143572737,0.037647519
2345,0.143504043,0.037663452
2346,0.143433822,0.037746284
2347,0.143352846,0.037857954
2348,0.143453022,0.037959507
2349,0.143563049,0.038055587
2350,0.143704485,0.038092127
2351,0.143867689,0.038129051
2352,0.144123891,0.038192327
2353,0.144412926,0.038262892
2354,0.144762982,0.038348009
2355,0.145093542,0.038428567
2356,0.145434985,0.038380268
2357,0.14575968,0.038320513
2358,0.145843063,0.038279188
2359,0.1459312,0.038260302
2360,0.146063363,0.038359978
2361,0.146181226,0.038490369
2362,0.146349234,0.038493534
2363,0.146485958,0.038459711
2364,0.146514397,0.03843447
2365,0.146585211,0.038402629
2366,0.146678678,0.038370152
2367,0.146801262,0.038348889
2368,0.146901754,0.038404857
2369,0.146946839,0.038511249
2370,0.146962206,0.0386716
2371,0.146900201,0.038866051
2372,0.146797674,0.03892536
2373,0.146717389,0.038916751
2374,0.146605736,0.038796982
2375,0.146564016,0.038581645
2376,0.14649942,0.038612966
2377,0.146339127,0.038850128
2378,0.146216641,0.038909517
2379,0.146094967,0.038771194
2380,0.145985819,0.03859803
2381,0.145937968,0.038404953
2382,0.145856825,0.038341321
2383,0.145779711,0.038440748
2384,0.145736254,0.03847159
2385,0.145667204,0.038384358
2386,0.145668312,0.038309371
2387,0.14576091,0.038245557
2388,0.145814826,0.038272912
2389,0.145898084,0.038531223
2390,0.145900358,0.038743536
2391,0.145699257,0.038727984
2392,0.145547929,0.038707959
2393,0.145489432,0.038646821
2394,0.145435506,0.038605591
2395,0.14523295,0.038645749
2396,0.144979782,0.038680666
2397,0.144649981,0.038556568
2398,0.144333929,0.038434268
2399,0.144314202,0.038266179
2400,0.144298782,0.038108874
2401,0.144278755,0.038073468
2402,0.144257303,0.038044956
2403,0.144063406,0.037972528
2404,0.143865297,0.037932734
2405,0.143689626,0.038030684
2406,0.143475704,0.038163201
2407,0.143114235,0.038162009
2408,0.142748245,0.03818819
2409,0.142878026,0.038106858
2410,0.143037541,0.038027316
2411,0.143214555,0.037899839
2412,0.143352714,0.037781509
2413,0.142882183,0.037490068
2414,0.14236486,0.037233302
2415,0.14158659,0.037071853
2416,0.140821387,0.036974558
2417,0.140921488,0.037516226
2418,0.141099473,0.038151469
2419,0.141132003,0.037956788
2420,0.141115079,0.037672611
2421,0.141064251,0.037501958
2422,0.141036172,0.037377927
2423,0.140816365,0.03744395
2424,0.140558647,0.037596186
2425,0.14040992,0.037630636
2426,0.140288709,0.037673462
2427,0.140080705,0.037626467
2428,0.139827639,0.037579118
2429,0.139394224,0.037563422
2430,0.138878275,0.037587591
2431,0.13869719,0.037665268
2432,0.13864008,0.037819609
2433,0.13843075,0.037605761
2434,0.138160473,0.037286698
2435,0.138367823,0.037078475
2436,0.138784691,0.036935886
2437,0.138399818,0.037033425
2438,0.137638102,0.037276451
2439,0.136866479,0.037224526
2440,0.136028448,0.037093494
2441,0.135546691,0.037192436
2442,0.135219253,0.03750276
2443,0.134858934,0.037433905
2444,0.134511541,0.037174143
2445,0.134202775,0.037089216
2446,0.133825998,0.037163262
2447,0.133739669,0.037132501
2448,0.133803249,0.037303469
2449,0.133513258,0.03752767